{"cameraMode":{"drawMode":0,"name":"Shaded","section":"Shading Mode"},"sceneLighting":true,"audioPlay":false,"sceneViewState":{"showFog":false,"showMaterialUpdate":false,"showSkybox":true,"showFlares":true,"showImageEffects":true,"showParticleSystems":true},"in2DMode":false,"pivot":{"x":51.943748474121097,"y":15.202014923095704,"z":76.50053405761719},"rotation":{"x":-0.006492180284112692,"y":-0.9916579127311707,"z":-0.11624518036842346,"w":0.05538339540362358},"size":56.770042419433597,"orthographic":false}