{"cameraMode":{"drawMode":0,"name":"Shaded","section":"Shading Mode"},"sceneLighting":true,"audioPlay":false,"sceneViewState":{"showFog":false,"showMaterialUpdate":false,"showSkybox":true,"showFlares":true,"showImageEffects":true,"showParticleSystems":true},"in2DMode":false,"pivot":{"x":129.71214294433595,"y":7.360525608062744,"z":92.8715591430664},"rotation":{"x":0.057074520736932757,"y":-0.6961737871170044,"z":-0.0552433505654335,"w":-0.7137176990509033},"size":9.046561241149903,"orthographic":false}