{"cameraMode":{"drawMode":0,"name":"Shaded","section":"Shading Mode"},"sceneLighting":true,"audioPlay":false,"sceneViewState":{"showFog":false,"showMaterialUpdate":false,"showSkybox":true,"showFlares":true,"showImageEffects":true,"showParticleSystems":true},"in2DMode":false,"pivot":{"x":60.75334930419922,"y":4.8559064865112309,"z":103.08040618896485},"rotation":{"x":-0.04066895321011543,"y":-0.914385974407196,"z":0.0949862077832222,"w":-0.3916934132575989},"size":31.93012046813965,"orthographic":false}