{"cameraMode":{"drawMode":0,"name":"Shaded","section":"Shading Mode"},"sceneLighting":true,"audioPlay":false,"sceneViewState":{"showFog":false,"showMaterialUpdate":false,"showSkybox":true,"showFlares":true,"showImageEffects":true,"showParticleSystems":true},"in2DMode":false,"pivot":{"x":129.9623565673828,"y":-2.562328338623047,"z":59.106834411621097},"rotation":{"x":0.1916600465774536,"y":0.6196138262748718,"z":-0.15953542292118073,"w":0.7443900108337402},"size":68.55412292480469,"orthographic":false}