{"cameraMode":{"drawMode":0,"name":"Shaded","section":"Shading Mode"},"sceneLighting":true,"audioPlay":false,"sceneViewState":{"showFog":false,"showMaterialUpdate":false,"showSkybox":true,"showFlares":true,"showImageEffects":true,"showParticleSystems":true},"in2DMode":false,"pivot":{"x":90.61568450927735,"y":15.164612770080567,"z":90.10208129882813},"rotation":{"x":-0.1171557754278183,"y":0.4340156316757202,"z":-0.05670878663659096,"w":-0.8917192220687866},"size":2.4984242916107179,"orthographic":false}