{"cameraMode":{"drawMode":0,"name":"Shaded","section":"Shading Mode"},"sceneLighting":true,"audioPlay":false,"sceneViewState":{"showFog":false,"showMaterialUpdate":false,"showSkybox":true,"showFlares":true,"showImageEffects":true,"showParticleSystems":true},"in2DMode":false,"pivot":{"x":72.81449890136719,"y":11.041813850402832,"z":74.8302230834961},"rotation":{"x":-0.03912610560655594,"y":0.9605914950370789,"z":-0.20625047385692597,"w":-0.18225347995758058},"size":200.1297607421875,"orthographic":false}