{"cameraMode":{"drawMode":0,"name":"Shaded","section":"Shading Mode"},"sceneLighting":true,"audioPlay":false,"sceneViewState":{"showFog":false,"showMaterialUpdate":true,"showSkybox":true,"showFlares":true,"showImageEffects":true,"showParticleSystems":true},"in2DMode":false,"pivot":{"x":172.4515380859375,"y":-24.53363800048828,"z":88.10557556152344},"rotation":{"x":0.06939554959535599,"y":0.7930653095245361,"z":-0.0920073613524437,"w":0.5981415510177612},"size":134.2070770263672,"orthographic":false}