{"cameraMode":{"drawMode":0,"name":"Shaded","section":"Shading Mode"},"sceneLighting":true,"audioPlay":false,"sceneViewState":{"showFog":false,"showMaterialUpdate":true,"showSkybox":true,"showFlares":true,"showImageEffects":true,"showParticleSystems":true},"in2DMode":false,"pivot":{"x":138.19737243652345,"y":-12.746807098388672,"z":64.2843246459961},"rotation":{"x":0.09022559970617295,"y":0.8543516993522644,"z":-0.1583889275789261,"w":0.48667773604393008},"size":78.87643432617188,"orthographic":false}