{"cameraMode":{"drawMode":0,"name":"Shaded","section":"Shading Mode"},"sceneLighting":true,"audioPlay":false,"sceneViewState":{"showFog":false,"showMaterialUpdate":true,"showSkybox":true,"showFlares":true,"showImageEffects":true,"showParticleSystems":true},"in2DMode":false,"pivot":{"x":72.88804626464844,"y":14.907733917236329,"z":83.15752410888672},"rotation":{"x":-0.039907846599817279,"y":0.9533882141113281,"z":-0.14555075764656068,"w":-0.2613687813282013},"size":58.85567092895508,"orthographic":false}