{"cameraMode":{"drawMode":0,"name":"Shaded","section":"Shading Mode"},"sceneLighting":true,"audioPlay":false,"sceneViewState":{"showFog":false,"showMaterialUpdate":false,"showSkybox":true,"showFlares":true,"showImageEffects":true,"showParticleSystems":true},"in2DMode":false,"pivot":{"x":59.439788818359378,"y":9.263659477233887,"z":102.6610336303711},"rotation":{"x":-0.11855467408895493,"y":-0.8106282353401184,"z":-0.17684607207775117,"w":0.5458871126174927},"size":7.269854545593262,"orthographic":false}