{"cameraMode":{"drawMode":0,"name":"Shaded","section":"Shading Mode"},"sceneLighting":true,"audioPlay":false,"sceneViewState":{"showFog":false,"showMaterialUpdate":false,"showSkybox":true,"showFlares":true,"showImageEffects":true,"showParticleSystems":true},"in2DMode":false,"pivot":{"x":50.09061050415039,"y":1.3847458362579346,"z":88.62760162353516},"rotation":{"x":-0.004327640403062105,"y":-0.928165078163147,"z":-0.011197410523891449,"w":0.3725515305995941},"size":13.253500938415528,"orthographic":false}