{"cameraMode":{"drawMode":0,"name":"Shaded","section":"Shading Mode"},"sceneLighting":true,"audioPlay":false,"sceneViewState":{"showFog":false,"showMaterialUpdate":true,"showSkybox":true,"showFlares":false,"showImageEffects":true,"showParticleSystems":true},"in2DMode":false,"pivot":{"x":13.739391326904297,"y":-28.195228576660158,"z":137.56967163085938},"rotation":{"x":-0.10384232550859451,"y":0.6920070648193359,"z":-0.10162211954593659,"w":-0.7071196436882019},"size":137.2540740966797,"orthographic":false}