{"cameraMode":{"drawMode":0,"name":"Shaded","section":"Shading Mode"},"sceneLighting":true,"audioPlay":false,"sceneViewState":{"showFog":false,"showMaterialUpdate":true,"showSkybox":true,"showFlares":false,"showImageEffects":true,"showParticleSystems":true},"in2DMode":false,"pivot":{"x":69.19766235351563,"y":24.25027847290039,"z":104.13121795654297},"rotation":{"x":0.07492044568061829,"y":0.48268240690231326,"z":-0.041627369821071628,"w":0.8716428279876709},"size":26.53314208984375,"orthographic":false}