{"cameraMode":{"drawMode":0,"name":"Shaded","section":"Shading Mode"},"sceneLighting":true,"audioPlay":false,"sceneViewState":{"showFog":false,"showMaterialUpdate":true,"showSkybox":true,"showFlares":true,"showImageEffects":true,"showParticleSystems":true},"in2DMode":false,"pivot":{"x":147.32492065429688,"y":5.879825592041016,"z":105.44449615478516},"rotation":{"x":0.1346813589334488,"y":0.7320616245269775,"z":-0.15175600349903108,"w":0.6503987312316895},"size":65.27706146240235,"orthographic":false}