{"cameraMode":{"drawMode":0,"name":"Shaded","section":"Shading Mode"},"sceneLighting":true,"audioPlay":false,"sceneViewState":{"showFog":false,"showMaterialUpdate":true,"showSkybox":true,"showFlares":false,"showImageEffects":true,"showParticleSystems":true},"in2DMode":false,"pivot":{"x":124.20585632324219,"y":10.619029998779297,"z":90.71717834472656},"rotation":{"x":0.017007634043693544,"y":-0.9779232740402222,"z":0.0870509222149849,"w":0.18942923843860627},"size":21.873260498046876,"orthographic":false}