{"cameraMode":{"drawMode":0,"name":"Shaded","section":"Shading Mode"},"sceneLighting":true,"audioPlay":false,"sceneViewState":{"showFog":false,"showMaterialUpdate":true,"showSkybox":true,"showFlares":false,"showImageEffects":true,"showParticleSystems":true},"in2DMode":false,"pivot":{"x":55.4761962890625,"y":0.7410094738006592,"z":129.21115112304688},"rotation":{"x":0.10591192543506623,"y":-0.43224164843559267,"z":0.051177527755498889,"w":0.89407879114151},"size":10.436695098876954,"orthographic":false}