{"cameraMode":{"drawMode":0,"name":"Shaded","section":"Shading Mode"},"sceneLighting":true,"audioPlay":false,"sceneViewState":{"showFog":false,"showMaterialUpdate":true,"showSkybox":true,"showFlares":false,"showImageEffects":true,"showParticleSystems":true},"in2DMode":false,"pivot":{"x":132.23956298828126,"y":0.1972951889038086,"z":129.17425537109376},"rotation":{"x":0.15303903818130494,"y":0.22435592114925385,"z":-0.03575286269187927,"w":0.9617823958396912},"size":109.45694732666016,"orthographic":false}