{"cameraMode":{"drawMode":0,"name":"Shaded","section":"Shading Mode"},"sceneLighting":true,"audioPlay":false,"sceneViewState":{"showFog":false,"showMaterialUpdate":true,"showSkybox":true,"showFlares":false,"showImageEffects":true,"showParticleSystems":true},"in2DMode":false,"pivot":{"x":94.83311462402344,"y":11.889613151550293,"z":111.30874633789063},"rotation":{"x":-0.040898073464632037,"y":0.7620842456817627,"z":-0.048273708671331409,"w":-0.64441978931427},"size":9.153477668762207,"orthographic":false}