{"cameraMode":{"drawMode":0,"name":"Shaded","section":"Shading Mode"},"sceneLighting":true,"audioPlay":false,"sceneViewState":{"showFog":false,"showMaterialUpdate":true,"showSkybox":true,"showFlares":false,"showImageEffects":true,"showParticleSystems":true},"in2DMode":false,"pivot":{"x":56.02487564086914,"y":1.2801101207733155,"z":128.9770050048828},"rotation":{"x":-0.024795781821012498,"y":0.3434678316116333,"z":-0.009052583947777748,"w":-0.9388207793235779},"size":4.209190845489502,"orthographic":false}