{"cameraMode":{"drawMode":0,"name":"Shaded","section":"Shading Mode"},"sceneLighting":true,"audioPlay":false,"sceneViewState":{"showFog":false,"showMaterialUpdate":true,"showSkybox":true,"showFlares":false,"showImageEffects":true,"showParticleSystems":true},"in2DMode":false,"pivot":{"x":75.3619613647461,"y":5.684628486633301,"z":80.22772216796875},"rotation":{"x":-0.00796562246978283,"y":0.9824709296226502,"z":0.042437586933374408,"w":0.18156172335147859},"size":45.63181686401367,"orthographic":false}