{"cameraMode":{"drawMode":0,"name":"Shaded","section":"Shading Mode"},"sceneLighting":true,"audioPlay":false,"sceneViewState":{"showFog":false,"showMaterialUpdate":false,"showSkybox":true,"showFlares":true,"showImageEffects":true,"showParticleSystems":true},"in2DMode":false,"pivot":{"x":74.53350830078125,"y":-13.578631401062012,"z":163.2516632080078},"rotation":{"x":-0.10744023323059082,"y":0.10954388976097107,"z":-0.011910533532500267,"w":-0.9880901575088501},"size":90.27355194091797,"orthographic":false}