{"cameraMode":{"drawMode":0,"name":"Shaded","section":"Shading Mode"},"sceneLighting":true,"audioPlay":false,"sceneViewState":{"showFog":false,"showMaterialUpdate":true,"showSkybox":true,"showFlares":false,"showImageEffects":true,"showParticleSystems":true},"in2DMode":false,"pivot":{"x":129.62001037597657,"y":4.7941179275512699,"z":128.98963928222657},"rotation":{"x":0.13618803024291993,"y":-0.5641157627105713,"z":0.09498075395822525,"w":0.8088374733924866},"size":36.79895782470703,"orthographic":false}