{"cameraMode":{"drawMode":0,"name":"Shaded","section":"Shading Mode"},"sceneLighting":true,"audioPlay":false,"sceneViewState":{"showFog":false,"showMaterialUpdate":true,"showSkybox":true,"showFlares":false,"showImageEffects":true,"showParticleSystems":true},"in2DMode":false,"pivot":{"x":122.75074768066406,"y":-12.853310585021973,"z":81.84786224365235},"rotation":{"x":0.1583651304244995,"y":0.8056735396385193,"z":-0.24816115200519563,"w":0.5140572786331177},"size":44.77693176269531,"orthographic":false}