{"cameraMode":{"drawMode":0,"name":"Shaded","section":"Shading Mode"},"sceneLighting":true,"audioPlay":false,"sceneViewState":{"showFog":false,"showMaterialUpdate":true,"showSkybox":true,"showFlares":true,"showImageEffects":true,"showParticleSystems":true},"in2DMode":false,"pivot":{"x":112.60414123535156,"y":-7.46639347076416,"z":130.36801147460938},"rotation":{"x":0.12985318899154664,"y":0.44361746311187746,"z":-0.06519915163516998,"w":0.8844267725944519},"size":74.5640640258789,"orthographic":false}