{"cameraMode":{"drawMode":0,"name":"Shaded","section":"Shading Mode"},"sceneLighting":true,"audioPlay":false,"sceneViewState":{"showFog":false,"showMaterialUpdate":true,"showSkybox":true,"showFlares":true,"showImageEffects":true,"showParticleSystems":true},"in2DMode":false,"pivot":{"x":57.515411376953128,"y":-0.04334831237792969,"z":78.49503326416016},"rotation":{"x":-0.23148244619369508,"y":0.6359750628471375,"z":-0.20850221812725068,"w":-0.7060473561286926},"size":28.092811584472658,"orthographic":false}