{"cameraMode":{"drawMode":0,"name":"Shaded","section":"Shading Mode"},"sceneLighting":true,"audioPlay":false,"sceneViewState":{"showFog":false,"showMaterialUpdate":false,"showSkybox":true,"showFlares":true,"showImageEffects":true,"showParticleSystems":true},"in2DMode":false,"pivot":{"x":66.43334197998047,"y":3.8298838138580324,"z":110.64913177490235},"rotation":{"x":0.014285239391028881,"y":-0.959159791469574,"z":0.04925761744379997,"w":0.27819135785102847},"size":25.639183044433595,"orthographic":false}